original_label,languages,status,notes,evidence
Alemannisch,Alemannisch,original label retained,尚不能完整映射为现行 ISO 639-3 集合，按用户规则保留原标签；不是新造 ISO 代码。,official source label
Aringati,Aringati,original label retained,尚不能完整映射为现行 ISO 639-3 集合，按用户规则保留原标签；不是新造 ISO 代码。,official source label
Bhilori,Bhilori,original label retained,尚不能完整映射为现行 ISO 639-3 集合，按用户规则保留原标签；不是新造 ISO 代码。,official source label
Changana,Changana,original label retained,尚不能完整映射为现行 ISO 639-3 集合，按用户规则保留原标签；不是新造 ISO 代码。,official source label
Chatino,Chatino,original label retained,尚不能完整映射为现行 ISO 639-3 集合，按用户规则保留原标签；不是新造 ISO 代码。,official source label
Chaudhary,Chaudhary,original label retained,尚不能完整映射为现行 ISO 639-3 集合，按用户规则保留原标签；不是新造 ISO 代码。,official source label
ChiNambya,ChiNambya,original label retained,尚不能完整映射为现行 ISO 639-3 集合，按用户规则保留原标签；不是新造 ISO 代码。,official source label
ChiTonga,ChiTonga,original label retained,尚不能完整映射为现行 ISO 639-3 集合，按用户规则保留原标签；不是新造 ISO 代码。,official source label
Chinanteco,Chinanteco,original label retained,尚不能完整映射为现行 ISO 639-3 集合，按用户规则保留原标签；不是新造 ISO 代码。,official source label
Cisena,Cisena,original label retained,尚不能完整映射为现行 ISO 639-3 集合，按用户规则保留原标签；不是新造 ISO 代码。,official source label
Dagaare,Dagaare,original label retained,尚不能完整映射为现行 ISO 639-3 集合，按用户规则保留原标签；不是新造 ISO 代码。,official source label
Dayak (Kalimantan),Dayak (Kalimantan),original label retained,尚不能完整映射为现行 ISO 639-3 集合，按用户规则保留原标签；不是新造 ISO 代码。,official source label
Echiziinza,Echiziinza,original label retained,尚不能完整映射为现行 ISO 639-3 集合，按用户规则保留原标签；不是新造 ISO 代码。,official source label
Emakhuwa,Emakhuwa,original label retained,尚不能完整映射为现行 ISO 639-3 集合，按用户规则保留原标签；不是新造 ISO 代码。,official source label
English Ateso,"eng,teo",explicit mixed label,混合标签的两个语言名均有官方映射，保留集合标签作为 ID。,https://github.com/magarw/limit
English ChiTonga,English ChiTonga,original label retained,尚不能完整映射为现行 ISO 639-3 集合，按用户规则保留原标签；不是新造 ISO 代码。,official source label
English Chinyanja,"eng,nya",explicit mixed label,混合标签的两个语言名均有官方映射，保留集合标签作为 ID。,https://github.com/magarw/limit
English Lunyole,English Lunyole,original label retained,尚不能完整映射为现行 ISO 639-3 集合，按用户规则保留原标签；不是新造 ISO 代码。,official source label
English Oluwanga,"eng,lwg",explicit mixed label,混合标签的两个语言名均有官方映射，保留集合标签作为 ID。,https://github.com/magarw/limit
Frisian,Frisian,original label retained,尚不能完整映射为现行 ISO 639-3 集合，按用户规则保留原标签；不是新造 ISO 代码。,official source label
Huave,Huave,original label retained,尚不能完整映射为现行 ISO 639-3 集合，按用户规则保留原标签；不是新造 ISO 代码。,official source label
Kamuku,Kamuku,original label retained,尚不能完整映射为现行 ISO 639-3 集合，按用户规则保留原标签；不是新造 ISO 代码。,official source label
Kinyarwanda English,"kin,eng",explicit mixed label,混合标签的两个语言名均有官方映射，保留集合标签作为 ID。,https://github.com/magarw/limit
Kiswahili English,"swa,eng",explicit mixed label,混合标签的两个语言名均有官方映射，保留集合标签作为 ID。,https://github.com/magarw/limit
Luganda English,"lug,eng",explicit mixed label,混合标签的两个语言名均有官方映射，保留集合标签作为 ID。,https://github.com/magarw/limit
Lunyole,Lunyole,original label retained,尚不能完整映射为现行 ISO 639-3 集合，按用户规则保留原标签；不是新造 ISO 代码。,official source label
Lusoga,Lusoga,original label retained,尚不能完整映射为现行 ISO 639-3 集合，按用户规则保留原标签；不是新造 ISO 代码。,official source label
Lusoga English,Lusoga English,original label retained,尚不能完整映射为现行 ISO 639-3 集合，按用户规则保留原标签；不是新造 ISO 代码。,official source label
Mazatec,Mazatec,original label retained,尚不能完整映射为现行 ISO 639-3 集合，按用户规则保留原标签；不是新造 ISO 代码。,official source label
Mephaa,Mephaa,original label retained,尚不能完整映射为现行 ISO 639-3 集合，按用户规则保留原标签；不是新造 ISO 代码。,official source label
Mixe,Mixe,original label retained,尚不能完整映射为现行 ISO 639-3 集合，按用户规则保留原标签；不是新造 ISO 代码。,official source label
Mixteco,Mixteco,original label retained,尚不能完整映射为现行 ISO 639-3 集合，按用户规则保留原标签；不是新造 ISO 代码。,official source label
Multilingual,Multilingual,original label retained,尚不能完整映射为现行 ISO 639-3 集合，按用户规则保留原标签；不是新造 ISO 代码。,official source label
Munda,Munda,original label retained,尚不能完整映射为现行 ISO 639-3 集合，按用户规则保留原标签；不是新造 ISO 代码。,official source label
Nahuatl,Nahuatl,original label retained,尚不能完整映射为现行 ISO 639-3 集合，按用户规则保留原标签；不是新造 ISO 代码。,official source label
Olunyala,Olunyala,original label retained,尚不能完整映射为现行 ISO 639-3 集合，按用户规则保留原标签；不是新造 ISO 代码。,official source label
Sahariya,Sahariya,original label retained,尚不能完整映射为现行 ISO 639-3 集合，按用户规则保留原标签；不是新造 ISO 代码。,official source label
Sisali,Sisali,original label retained,尚不能完整映射为现行 ISO 639-3 集合，按用户规则保留原标签；不是新造 ISO 代码。,official source label
Sola,Sola,original label retained,尚不能完整映射为现行 ISO 639-3 集合，按用户规则保留原标签；不是新造 ISO 代码。,official source label
Sri Lankan Portuguese Creole,Sri Lankan Portuguese Creole,original label retained,尚不能完整映射为现行 ISO 639-3 集合，按用户规则保留原标签；不是新造 ISO 代码。,official source label
Talen,Talen,original label retained,尚不能完整映射为现行 ISO 639-3 集合，按用户规则保留原标签；不是新造 ISO 代码。,official source label
Tigun,Tigun,original label retained,尚不能完整映射为现行 ISO 639-3 集合，按用户规则保留原标签；不是新造 ISO 代码。,official source label
Triqui,Triqui,original label retained,尚不能完整映射为现行 ISO 639-3 集合，按用户规则保留原标签；不是新造 ISO 代码。,official source label
Tu'un savi,Tu'un savi,original label retained,尚不能完整映射为现行 ISO 639-3 集合，按用户规则保留原标签；不是新造 ISO 代码。,official source label
ajp,apc,retired code mapped,M → apc,https://iso639-3.sil.org/code_tables/retired_codes
ar-MA,ar-MA,original label retained,尚不能完整映射为现行 ISO 639-3 集合，按用户规则保留原标签；不是新造 ISO 代码。,official source label
az_RU,az_RU,original label retained,尚不能完整映射为现行 ISO 639-3 集合，按用户规则保留原标签；不是新造 ISO 代码。,official source label
bat,bat,original label retained,尚不能完整映射为现行 ISO 639-3 集合，按用户规则保留原标签；不是新造 ISO 代码。,official source label
ber,ber,original label retained,尚不能完整映射为现行 ISO 639-3 集合，按用户规则保留原标签；不是新造 ISO 代码。,official source label
bh,bh,original label retained,尚不能完整映射为现行 ISO 639-3 集合，按用户规则保留原标签；不是新造 ISO 代码。,official source label
bih,bih,original label retained,尚不能完整映射为现行 ISO 639-3 集合，按用户规则保留原标签；不是新造 ISO 代码。,official source label
btk,"akb,bbc,btd,btm,bts,btx,btz",collection,Batak 集合，按 ISO 登记的七种 Batak 语言展开；不声称每种都在该子集实际出现。,https://iso639-3.sil.org/code_tables/639/data
crp,crp,original label retained,尚不能完整映射为现行 ISO 639-3 集合，按用户规则保留原标签；不是新造 ISO 代码。,official source label
daf,"dnj,lda",retired code mapped,Split into Dan [dnj] and Kla-Dan [lda],https://iso639-3.sil.org/code_tables/retired_codes
eml,"egl,rgn",retired code mapped,Split into Emilian [egl] and Romagnol [rgn],https://iso639-3.sil.org/code_tables/retired_codes
fa-AF,fa-AF,original label retained,尚不能完整映射为现行 ISO 639-3 集合，按用户规则保留原标签；不是新造 ISO 代码。,official source label
fas_samim,fas_samim,original label retained,尚不能完整映射为现行 ISO 639-3 集合，按用户规则保留原标签；不是新造 ISO 代码。,official source label
fiu,fiu,original label retained,尚不能完整映射为现行 ISO 639-3 集合，按用户规则保留原标签；不是新造 ISO 代码。,official source label
fr-CA,fr-CA,original label retained,尚不能完整映射为现行 ISO 639-3 集合，按用户规则保留原标签；不是新造 ISO 代码。,official source label
gon_bastar,gon_bastar,original label retained,尚不能完整映射为现行 ISO 639-3 集合，按用户规则保留原标签；不是新造 ISO 代码。,official source label
isiMpondo,isiMpondo,original label retained,尚不能完整映射为现行 ISO 639-3 集合，按用户规则保留原标签；不是新造 ISO 代码。,official source label
isiNdebele,isiNdebele,original label retained,尚不能完整映射为现行 ISO 639-3 集合，按用户规则保留原标签；不是新造 ISO 代码。,official source label
kzj,dtp,retired code mapped,M → dtp,https://iso639-3.sil.org/code_tables/retired_codes
map,map,original label retained,尚不能完整映射为现行 ISO 639-3 集合，按用户规则保留原标签；不是新造 ISO 代码。,official source label
ms_Arab_BN,ms_Arab_BN,original label retained,尚不能完整映射为现行 ISO 639-3 集合，按用户规则保留原标签；不是新造 ISO 代码。,official source label
multi_Latn,multi_Latn,original label retained,尚不能完整映射为现行 ISO 639-3 集合，按用户规则保留原标签；不是新造 ISO 代码。,official source label
nah,nah,original label retained,尚不能完整映射为现行 ISO 639-3 集合，按用户规则保留原标签；不是新造 ISO 代码。,official source label
nan_Latn_TW,nan_Latn_TW,original label retained,尚不能完整映射为现行 ISO 639-3 集合，按用户规则保留原标签；不是新造 ISO 代码。,official source label
ndc-ZW,ndc-ZW,original label retained,尚不能完整映射为现行 ISO 639-3 集合，按用户规则保留原标签；不是新造 ISO 代码。,official source label
ndc_ZW,ndc_ZW,original label retained,尚不能完整映射为现行 ISO 639-3 集合，按用户规则保留原标签；不是新造 ISO 代码。,official source label
ngo,"xnj,xnq",retired code mapped,Split into Ngoni (Tanzania) [xnj] and Ngoni (Mozambique) [xnq],https://iso639-3.sil.org/code_tables/retired_codes
ns,ns,original label retained,尚不能完整映射为现行 ISO 639-3 集合，按用户规则保留原标签；不是新造 ISO 代码。,official source label
nyo_ttj,"nyo,ttj",explicit collection,原始标签显式包含多个 ISO 639-3 代码。,official source language identifier
oto,oto,original label retained,尚不能完整映射为现行 ISO 639-3 集合，按用户规则保留原标签；不是新造 ISO 代码。,official source label
pt-PT,pt-PT,original label retained,尚不能完整映射为现行 ISO 639-3 集合，按用户规则保留原标签；不是新造 ISO 代码。,official source label
qaa,qaa,original label retained,尚不能完整映射为现行 ISO 639-3 集合，按用户规则保留原标签；不是新造 ISO 代码。,official source label
roa,roa,original label retained,尚不能完整映射为现行 ISO 639-3 集合，按用户规则保留原标签；不是新造 ISO 代码。,official source label
roa-tara,roa-tara,original label retained,尚不能完整映射为现行 ISO 639-3 集合，按用户规则保留原标签；不是新造 ISO 代码。,official source label
tarahumara,tarahumara,original label retained,尚不能完整映射为现行 ISO 639-3 集合，按用户规则保留原标签；不是新造 ISO 代码。,official source label
test,test,original label retained,尚不能完整映射为现行 ISO 639-3 集合，按用户规则保留原标签；不是新造 ISO 代码。,official source label
tly_IR,tly_IR,original label retained,尚不能完整映射为现行 ISO 639-3 集合，按用户规则保留原标签；不是新造 ISO 代码。,official source label
tpw,tpn,retired code mapped,D → tpn,https://iso639-3.sil.org/code_tables/retired_codes
unknown,unknown,original label retained,尚不能完整映射为现行 ISO 639-3 集合，按用户规则保留原标签；不是新造 ISO 代码。,official source label
zhs,zhs,original label retained,尚不能完整映射为现行 ISO 639-3 集合，按用户规则保留原标签；不是新造 ISO 代码。,official source label
zht,zht,original label retained,尚不能完整映射为现行 ISO 639-3 集合，按用户规则保留原标签；不是新造 ISO 代码。,official source label
zoque,zoque,original label retained,尚不能完整映射为现行 ISO 639-3 集合，按用户规则保留原标签；不是新造 ISO 代码。,official source label
zxx_xx_dtynoise,zxx_xx_dtynoise,original label retained,尚不能完整映射为现行 ISO 639-3 集合，按用户规则保留原标签；不是新造 ISO 代码。,official source label
Ñomdá,Ñomdá,original label retained,尚不能完整映射为现行 ISO 639-3 集合，按用户规则保留原标签；不是新造 ISO 代码。,official source label
